user|quantity
joserrg12|56225
TI2KOL|36107
droopycr|15151
Rodolfo Quesada|14864
vogtgbr|13655
Canyonsrcool|13617
BlueSombra|12766
recinutah|12111
esbarquero90|10979
devdelgado|7678
lishkin|6671
Jorge_Chinchilla|5774
emac|5719
Ben Konrath|3856
Bellbellbell|3798
Ranger444|3462
Real_Estate|3170
rnajera|3106
rjqorozco|2586
ctaylor|2419
MichNicole|2221
carcavar|2195
fastmug|2086
mtspinelli|2010
SaraW|1840
Steve R|1669
Vlad|1568
wolterhv|1510
sromero-cr|1259
dcoreamuno|1211
psig|1173
elotrojames|1064
Shaun Austin|1057
jguadamuz|1052
Jason Roy|967
mnegrini|961
CindyM_14|926
Wollie|923
MarcoTVS|797
oticrc|783
DF45|699
rebeka803|698
Josef73|663
maytico|625
gabr10|622
echiga|606
rigoucr|533
litlplastkastl|521
tatiromero|507
cris02|476
Thomas Goepel|472
Diego Gamboa|466
Carlos Marín V|459
cosejo|456
Eva Blue|437
jlporras|425
bpowell1|420
track it|397
Josgel74|395
fschlich|381
MijailR|378
Edward_8262|377
GabChs|368
Kristel Espinoza|358
Csavil|346
dar44|338
Leo Jiménez|331
crimolcal|323
milmares|323
ericao|314
ejenkins93|313
jumbanho|311
AndreaGonzalezM|310
ninafanya_kazi|310
jaakkoh|293
Kate Diaz|292
Nodes&Roads|287
elopio|287
Naty Barboza|282
TeaTime13|282
vitorquake|280
Bman|277
FvGordon|272
Eduardo Rojas Rodríguez|266
Rekrutacja|251
Esteban Richmond-Salazar|245
Andrey Fonseca|242
turoescalante|235
dmgroom_ct|232
A Rastered Development|231
LeoRQ|227
ramaca|225
Varela Jonh|219
Luis Carlos Solano|216
fbmorera|215
Nordpfeil|214
whobert|208
Andrea Morales Badilla|207
Gijsrooy|206
C Andrés Pereira|203
jbarquero|201
kevin Prince|200
Freddy Murillo|199
roses7|192
stephanie93|187
ferrum21|186
alvaro-cr|185
Luimm|184
Jonathan Brenes|181
no_nodes_here|170
fdelapena|166
IvoCas|162
Rodrigo Anchía|160
Zyndro|160
NodiusWayus|157
Lexi Johnson|155
ldiego2601|155
nodo91|153
RogerArce|152
proteodna|144
Miguel Amador|142
JuanVerde|137
Mauricio Araya Con|137
alejocalde01|136
Diego Retana|133
captaininler|133
yamilacarvajaljalet|131
qwerty10|128
Ron RB|124
dpp|122
oldmobilix|121
varelasojo|121
AndresBaldizon|120
illya2400|120
konoyeria|117
Mirianan|108
racnarok|108
Basstoelpel|107
Emejia|107
Luis36995|106
calfarome|106
CloCkWeRX|105
Baleska Vega|104
OneStopNodeShop|102
Derickgus|100
tomjoy|99
luisen57|97
Jerry Alonso|95
Maikol Solís|95
jeukel|95
npac|95
DenniseAR|94
alvarezbjm|94
pabloarb|93
Xeoxide|92
mauro08|92
Larry Vargas|88
Jasson Mora Mussio|87
SuperUser1|87
kedingert|87
martinmolina|87
Le Peq|86
veroch0224|86
H_diguense|84
S_H|84
Sergio Serrano (SS3RR4N0)|84
Alejandro Montero|83
gatonavarro|83
GrupoLimon|80
Alejandro Chaves|79
cali|79
sebas17ac|78
shmeeve|77
FrViPofm|76
meraxes12|76
redrace|76
erickdeoliveiraleal|75
jimenez96|75
scila|75
Charlie Balch|74
bettocr|74
dannykath|74
green44|72
@kevin_bullock|71
MintCondition|70
ORojas|70
P1P31150|70
sctrojan79|69
AntonioCollantes|68
xybot|68
Angélica Madrigal|66
Jose Garita Chaves|66
Mz79|66
pache2292|66
Sucheta Njog|64
MauricioR|62
kengut|62
T_9er|61
8Bit CR|60
RoadMapsYou|60
m4rio|59
Stienstar|57
abadilla09|57
thevirginian|57
GaboAlba|56
Glassman|56
Daniela1990|55
mataharimhairi|55
cvalerio|54
ajithkarunaratne|53
rowers2|53
mmahmud|52
zuñiga Gomez carlos alberto|52
Gabpull|51
crimarova64|51
mbarchfe|50
Luis Eduardo Sánchez Celedón|48
woodpeck_repair|48
acuna007|47
pgf|47
ElectricGizmo|46
probiscus|46
rhk|46
Aleiva|45
JA LEIVAO|43
nandachuva|43
CMGA|42
Esteban Ramirez|41
Jose Castro|41
ofdatraining|41
AnaMaría|40
CzechMeOut|40
Manuel Picado|40
MERFLEZZ|39
MarceloGeoCR|39
Wae Hildebrand|38
criscorou|38
fhas33|38
geodreieck4711|38
kiaraquel|38
Conductor Feliz|37
Stalfur|37
Reds11|36
davidmorado|36
dondabro|36
Ozkr16|35
crshunter|35
Da21|34
Pablo Alvarez|34
gat0|34
memerik|34
Luisklos|33
vimira|33
Dsequeirah|32
Srumap|32
anbr|32
crissanchez92|32
cyepes|32
Jonathan Solano Ulloa|31
Jorge Mora Oconitrillo|31
LuisMD|31
Marcelo Magallon|31
Mrnprabhat|31
RichRico|31
SaulCR|31
Drianos|30
Ricardo Muggli|30
chinoboy|30
joshua24|30
luisgustavo1968|30
Angie Cortes|29
LLAQWA|29
ThePlat|29
Ian Holt|28
Marin28|28
OSMF Redaction Account|27
RitterR|27
alvaros_db|27
arce|27
Cristina Wh|26
Luisferac77|26
Sergei16|26
dderycker|26
leonardo_dobles|26
mikesolcr|26
Aurimas Fišeras|25
JorgeR|25
Josuefa12|25
Luis Garcia|25
goldenfly5|25
kvnjm|25
luiscarloslara|25
Kbrenes|24
WinterSoldier|24
n10w84|24
AdriSol|23
Maikool|23
Sunfishtommy|23
kdosv504|23
Byron vc|22
Rodo Phonzecka|22
Ventus27|22
chrischan|22
luigicr|22
pam0196|22
RationalTangle|21
Sebastián Gamboa Chacón|21
alecubero|21
gcarmiol|21
mguimond|21
xtilla|21
ADChP|20
Alfwind|20
Daniel Fernandez Sibaja|20
Mony :3|20
SathyaPendyala|20
apachecoq|20
auxilioprofe|20
venerdi|20
vicsar|20
AndiAndi201|19
Greivin Cruz|19
Isaac22|19
Jesusfc14|19
Pibe Valderrama|19
Victor MC|19
alonsohn|19
lAleRojasl|19
Daniel1231|18
DiegoAE|18
Jose Padilla|18
aude|18
de vries|18
giankocr|18
lisbethalv89|18
Douglas27|17
SwissTico|17
misabrzi|17
mroman|17
BrianWH|16
Klin10|16
Kom02|16
MauCal|16
Polarbear-repair|16
farlrncin|16
gisteacher|16
hecktor|16
slowcheetah8|16
Alpizar|15
Homlett|15
nife0222|15
ninjamask|15
puriscos|15
Helmchen42|14
María Espinoza|14
Matías Sagui|14
NoeliaMM|14
Thymorlam|14
evillag8|14
interxavi|14
kwit|14
ldac89|14
luiramji|14
Daniela Villalobos|13
agonzalez|13
gcerdas|13
ridixcr|13
waterbender|13
Charles_Smothers|12
Lupo89|12
R0bst3r|12
aarakast|12
derFred|12
edgato|12
novarme|12
ox1331|12
sport_rob|12
volcancr|12
yurasi|12
Ancleo|11
Carlos Cordoba|11
Latinbooker|11
Little Brother|11
Tohtli|11
andygol|11
ediyes|11
joelmanudo|11
karitotp|11
osethery|11
steven fallas Costa Rica|11
valarauco|11
ArizonaMapper|10
Charly73|10
DVenegasP|10
Di´shana|10
Josué Gamboa|10
Lleihpi|10
Luisza|10
Manuel Umaña|10
Mauvb19|10
RLee|10
abel801|10
as6699|10
gchavesf|10
hadron|10
lc_paniagua|10
vialma|10
wambacher|10
Draak|9
JesusDArley|9
John Bek|9
Jordan Molina A|9
Manuel Lepiz|9
MrDarkCript|9
Noel Enrique Blanco Zelaya|9
OCATansp|9
Téllez|9
adjuva|9
alexvareq|9
cofercarv|9
ega2141|9
fabianmg|9
foo2002|9
gVenom|9
giankitax|9
remogro|9
AE35|8
Carlos Luis Mora Salguero|8
GizmoW|8
Luis Gamboa|8
Solar75|8
Tony Jimenez|8
arrafa200|8
d6jvb|8
danielbullon|8
josernitos|8
lweld|8
rasanc|8
xmichael11|8
Dafermo|7
Douglas Salgado D|7
Fernando 0105|7
Frander|7
Geogast|7
Gin96|7
Granados|7
Henry Perez Chinchilla|7
Jorge V|7
MasterMa|7
Na_ti|7
acordero2016|7
alex24araya|7
carloswlkr|7
esmitperez|7
huracancapas|7
jbmm07|7
oba510|7
wheelmap_visitor|7
Alana RG|6
Atilus|6
Dainer|6
Djordje Disic|6
Edward Barboza|6
Elías Jiménez-García|6
Evelyn Matamoros|6
Fabiola Salazar Alvarado|6
Foto Rey|6
Hovapa|6
Jeff_5520|6
Jsandi|6
KRVJ|6
Med|6
Paux Arts|6
Saul266|6
Stevie86Cr|6
Xkrowth|6
brian p murphy|6
brogo|6
conan747|6
gds506|6
pizote|6
ramonmc|6
samely|6
vespax|6
2bre99|5
Alejo Brenes|5
Alvaro Arce|5
Andres Elizondo|5
Davidrch18|5
Hose Moreno|5
Josue Sanchez|5
Sergio Guzman|5
SimonBA|5
Wilfredo Sanchez|5
YAbarca|5
aallanrd|5
angelomora|5
axe995|5
cactour|5
cgu66|5
edgarsola|5
erromu|5
franmar20|5
gharorlt|5
javiercr75|5
josheras|5
karlater|5
kräckel|5
manguehdez|5
miguelcr1982|5
tlacuilo|5
ty4w8ing|5
@nnie|4
Anock|4
Antalis|4
Armando Gullock|4
Barquero79|4
Christian Andrey|4
Christoph Lotz|4
Cristina Nata|4
DeylerCR|4
Dingersnot|4
Edlly|4
EdoM|4
Erik94|4
F E R|4
Feshe|4
HWLam|4
Hector Vector|4
Henry Campos|4
J0hnnatan|4
Javier Chacon Troz|4
Jens Wilke|4
Jorge Chaves|4
Jorge0731|4
Luis Alvarado|4
Marco2015|4
Michael Hernandez|4
Nikbeat01|4
Roy Cordero|4
TG-Costa Rica|4
TheDude05|4
alonvalle17|4
azagury|4
danbarrantes|4
estebanl|4
gcch|4
gormur|4
gscholz|4
highflyer74|4
johelsalas|4
jquesada98|4
leuty|4
mun6u14cr|4
piligab|4
psequeirag|4
robtar|4
tymg|4
uboot|4
wesleygmartins|4
youknowme|4
zombiepig|4
AlvaroSandi|3
Bborncr|3
Biff|3
Carlos Díaz Salgado|3
DaniCRC|3
Doucati|3
Elías Hernández Núñez|3
Erick12|3
FabianAraya|3
GSVGravitasShortfall|3
Geovanna297|3
Henry Morraz|3
IgnacioAlfaro|3
Isidro Solis|3
Jorge Gutierrez|3
José Ruperto Arce|3
Laura Yong|3
Les Pétards|3
Luis Villalobos|3
Mattm681|3
Max Castro|3
MonserratGarcia|3
Nacho1208|3
Silvia Chaverri Tobar|3
Steve Stiffler|3
UPdate PC|3
ZeusPaz|3
cledezma|3
diego a duarte|3
efranx|3
fduranm|3
fleckman|3
fofo0791|3
johan castro|3
jsnchzjmnz|3
paroq28|3
rjonnathan|3
roirobo|3
runejuhl|3
safirat|3
sjobohm76|3
vainer91|3
wolfgang8741|3
Álvaro Morales hot_oso|3
Alba Liu|2
Alexa Carvajal Rodríguez|2
Autopartes Martiez|2
Carlos Quiros|2
Christian Sanabria|2
Cri|2
Danielcostar|2
Danieluco PicWal|2
Ecoeficiencia|2
ElenaDF|2
Erick Madrigal|2
Erick Segura Román|2
ExodiaCR|2
Fröhlich|2
GerdP|2
GlennBR|2
Greivin Alfaro Carvajal|2
GuillerLZ|2
Gustavoc|2
Instacredit|2
Jairo Quesada|2
Javier Tia|2
Jeffry Aparicio|2
Joguce|2
Jorge Solano|2
JosephTG|2
José omar funes aguero|2
Juan Ca|2
Kyle Hence|2
Luciente|2
Luis C Cruz|2
Manu1400|2
Marcuan|2
Mogi|2
Mongernandez|2
NormTeasdale|2
Olgeri|2
Orlando Ortiz C|2
Pille85|2
Pirateskeg|2
Ramireed|2
Robert Erich|2
RotBlau|2
Tann blev|2
Valeria Parra|2
Yalmar|2
ajk|2
beetletun|2
davidm|2
emceeH|2
irvingrv|2
javiersegurar|2
joel_campos6|2
juanjo123|2
landfahrer|2
lesko987|2
maggot27|2
methowmade|2
muralito|2
oscarsm|2
patcon|2
pizza4days|2
platschi|2
pyram|2
pürierstab|2
rafa_1994|2
roaguicr|2
sdavicco|2
yamillhr2004|2
51114u9|1
ALCH93|1
Adrian Viquez|1
Aguspg|1
Alck34|1
Alejandro Villegas Vejarano|1
Ana BM|1
Ana Rincon|1
AndiG88|1
Anding|1
Andrele|1
Andrew Sheehy|1
Anne0932|1
Aristides García|1
Arturo Salvador|1
Augusto César Chamorro Mongrío|1
Berny506|1
Brenda Raymond CR|1
BuganiniQ|1
CRTripguide|1
Carlos Mata Valverde|1
Christof Huschens|1
Claudius Henrichs|1
Cobra|1
Corcovado Trails|1
Croverist|1
DC Pro|1
DanielBoy|1
Daniel_B_83|1
David Fernadez Ureña|1
David Ugarte|1
Davidegb|1
Deline Karem|1
Delroy F|1
Diego proko|1
Dominique Tignée|1
Dromero777|1
Dxflores|1
EJC|1
ENEAG|1
Edgar Mora Altamirano|1
Edgardo Mendez Vargas|1
Edson Loria Slack|1
Edson P H|1
Emeric|1
Erick Miranda|1
Erlin Rojas|1
Escila|1
Esteban Valle|1
FABIO RODRIGUEZ U|1
Fabi Quesada|1
Federico Zeledon|1
FernandaG|1
Flashbaer|1
GPSMTB|1
Garaya70|1
Gary Hernandez|1
GeoservicesFDFA|1
Geoéxtasis|1
Gerardo Fernández Rodríguez|1
Gerardo Gallardo|1
Gino11|1
Gouchan Graftio|1
Grace Parrish|1
Gustavo Valerin|1
Heinz_V|1
Henry Campos Rodríguez|1
Herald Francisco|1
Hugo*|1
ITGCRC|1
Irina Vega|1
Ismael Arias|1
Israel De Jesus Garcia|1
Itenne|1
Ivil Teran|1
JACh|1
JORGE JIMENEZ|1
JUAN LUIS ARGUEDAS|1
Jc1806|1
Jeffry Portuguez|1
Jennisi|1
Johan Alfaro|1
Jonathan Arguedas|1
Jong Regudo|1
Jorensanbar|1
Jorge Arturo Alfaro Cortés|1
Jose Enrique Villagrasa Maso|1
Jose Severino|1
José Zuñiga|1
JuanManuelER|1
JulioRL|1
Jungle Rider|1
Kike Carranza|1
Laeti55|1
LeTopographeFou|1
Leo_tqz|1
Lortavo|1
Mamey|1
Mannycr|1
Manuel Fuentes|1
Manuel Jimenez S|1
Marco Herrera|1
Margarita_cr|1
MarianoMH|1
Marlon Jiménez|1
Marlon Montoya|1
Marta V Ramirez|1
MartaE|1
Martin Schaer|1
Mauricio Mora|1
Mauricio Sojo|1
MauricioCR|1
MolecularEnergy|1
NachoXD|1
Niclasbob|1
OpenVegeMap|1
Oscar Bolaños|1
OscarChaves|1
Pablo Roberto Vargas Meléndez|1
RENEREY007|1
RRDesanti|1
Ramses Roman Sanchez|1
Ramzes|1
Roberto Bolaños Zúñiga|1
Roberto Brenes Murillo|1
Roberto Campos|1
Rodolfo Quesada Cubillo|1
Ronny Jose Lopez Ch|1
Río Urbano|1
Sergio Rojas Alv|1
Serpens|1
SharonCavallini017|1
Shelby Mabery|1
Sherri Everhart Hedrick|1
ShevekAnnaresti|1
Simon Gaubinou|1
SomeoneElse_Revert|1
StephenDee|1
SterlingGIS|1
StijnB|1
Sufrostico|1
Tacos4all|1
TarikArikRamOlam|1
Tico506|1
Toflex|1
Tommy Gamboa Flores|1
Track System|1
Travel Safe|1
Tribunal Supremo Electoral|1
VALMATICO|1
Vakris|1
Verónica Jerez|1
VicJul14|1
Victor Gomez|1
Vintage Barber Shop CR|1
Walter Schlögl|1
Xiaofeng Chen|1
Yeris A|1
Yzsulap|1
Zenobius Zensor|1
adrian segura|1
afallas|1
aighes|1
aldoenzo|1
aluka|1
anabelita|1
andres19|1
arivera|1
avindasp|1
chdr|1
ciclista|1
costacr|1
cr339708|1
damndog|1
davidlac299|1
diecambe|1
eduardochang|1
ejsanchez|1
etoherrera|1
filePeter|1
gloglomg|1
gustavo robles|1
hahesa|1
hernan_ze|1
himmelsfahrt|1
hofoen|1
jaisol|1
jchinchillamOSM|1
jean-louis Mazoyer|1
jeffesquivel|1
jhoan|1
jmoras10|1
jptolosa87|1
kev_2108|1
kisaa|1
lemurido|1
lgem|1
malcolmfrost|1
marti85cr|1
martin-|1
matthieun|1
milovanderlinden|1
nlehuby|1
nyuriks|1
ocastillo76|1
oldtopos|1
orosabal|1
osmmaker|1
paulfervoy|1
piratenz|1
r10101|1
rodsandoval|1
rogeliosgps|1
rzdaniel|1
saraedum|1
tonyaries|1
ventolin|1
vidamas|1
whiteman|1
yhernandez|1
Ğăřý Băğłœňý Æľvąřęź|1
Анна Я|1
عقبة بن نافع|1
